Participant Number,Mental Demand,Physical Demand,Temporal Demand,Performance,Effort,Frustration,Overall Score,Participants,Delay
1,10,0,10,30,10,0,10.0,1,400
2,10,0,10,30,10,5,10.833333333333334,1,1400
3,10,0,30,30,10,0,13.333333333333334,1,800
4,65,0,10,20,80,80,42.5,2,1600
5,25,0,0,60,65,10,26.666666666666668,2,160
6,35,0,5,65,40,15,26.666666666666668,2,1800
7,40,0,10,70,35,35,31.666666666666668,3,1000
8,10,0,10,95,10,5,21.666666666666668,3,600
9,5,0,5,99,5,3,19.5,3,0
