Mental Demand,Physical Demand,Temporal Demand,Performance,Effort,Frustration,Overall Score
1,60,0,80,20,50,10,36.666666666666664
2,20,0,60,10,20,10,20.0
3,80,0,90,60,100,100,71.66666666666667
4,70,0,40,20,50,0,30.0
5,60,0,0,70,50,50,38.333333333333336
6,70,0,60,70,60,20,46.666666666666664
