Mental Demand,Physical Demand,Temporal Demand,Performance,Effort,Frustration,Overall Score
24,42,65,50,70,90,56.833333333333336
50,40,20,33,44,98,47.5
50,60,40,90,80,60,63.333333333333336
40,40,20,30,50,75,42.5
